<?xml version="1.0" encoding="UTF-8" ?>
<LightningComponentBundle xmlns="http://soap.sforce.com/2006/04/metadata">
    <apiVersion>57.0</apiVersion>
    <isExposed>true</isExposed>
    <masterLabel>Property Tile List</masterLabel>
    <targets>
    	<target>lightning__AppPage</target>
    </targets>
    <targetConfigs>
        <targetConfig targets="lightning__AppPage">
            <supportedFormFactors>
                <supportedFormFactor type="Large" />
                <supportedFormFactor type="Small" />
            </supportedFormFactors>
        </targetConfig>
    </targetConfigs>
</LightningComponentBundle>